{
    "xArmConfigs": {
        "xArm1": {
            "IP": "192.168.1.199",
            "Mount": "right",
            "InitPos": [
                350,
                -100,
                120
            ],
            "InitRot": [
                180,
                0,
                90
            ],
            "MaxPos": [
                600,
                100,
                500
            ],
            "MinPos": [
                200,
                -230,
                50
            ],
            "MaxRot": [
                220,
                20,
                20
            ],
            "MinRot": [
                180,
                -20,
                -20
            ]
        },
        "xArm2": {
            "IP": "192.168.1.228",
            "Mount": "left",
            "InitPos": [
                350,
                100,
                120
            ],
            "InitRot": [
                180,
                0,
                -90
            ],
            "MaxPos": [
                600,
                300,
                490
            ],
            "MinPos": [
                200,
                -100,
                50
            ],
            "MaxRot": [
                220,
                20,
                20
            ],
            "MinRot": [
                180,
                -20,
                -20
            ]
        }
    },
    "ParticipantsConfigs": {
        "participant1": [
            {
                "Mount": "right",
                "RigidBody": 1,
                "SerialCOM": "COM10",
                "Weight": 1,
                "Target": [
                    {
                        "position": [
                            531.271667,
                            -229.999954,
                            183.100693
                        ],
                        "rotation": [
                            119.243174,
                            23.594058,
                            54.188114
                        ],
                        "gripper": 300
                    }
                ]
            },
            {
                "Mount": "left",
                "RigidBody": 2,
                "SerialCOM": "COM6",
                "Weight": 1,
                "Target": [
                    {
                        "position": [
                            573.4953,
                            230.0,
                            146.957245
                        ],
                        "rotation": [
                            -127.876101,
                            34.528614,
                            -57.539458
                        ],
                        "gripper": 300
                    }
                ]
            }
        ]
    }
}
