{
    "xArmConfigs": {
        "xArm1": {
            "IP": "192.168.1.199",
            "Mount": "right",
            "InitPos": [
                350,
                -100,
                120
            ],
            "InitRot": [
                180,
                0,
                90
            ],
            "MaxPos": [
                650,
                100,
                500
            ],
            "MinPos": [
                200,
                -300,
                -50
            ],
            "MaxRot": [
                220,
                20,
                20
            ],
            "MinRot": [
                180,
                -20,
                -20
            ]
        },
        "xArm2": {
            "IP": "192.168.1.228",
            "Mount": "left",
            "InitPos": [
                350,
                100,
                120
            ],
            "InitRot": [
                180,
                0,
                -90
            ],
            "MaxPos": [
                650,
                300,
                490
            ],
            "MinPos": [
                200,
                -100,
                -50
            ],
            "MaxRot": [
                220,
                20,
                20
            ],
            "MinRot": [
                180,
                -20,
                -20
            ]
        }
    },
    "ParticipantsConfigs": {
        "participant1": [
            {
                "Mount": "right",
                "RigidBody": 1,
                "SerialCOM": "COM4",
                "LED_serial": "COM6",
                "AudioIndex": 41,
                "Weight": 1,
                "Target": [
                    {
                        "position": [
                            541.540222,
                            -257.522034,
                            316.480133
                        ],
                        "rotation": [
                            127.178067,
                            20.859846,
                            61.31399
                        ],
                        "gripper": 200
                    },
                    {
                        "position": [
                            578.320129,
                            -238.470779,
                            242.871246
                        ],
                        "rotation": [
                            129.0105,
                            24.671333,
                            60.3489
                        ],
                        "gripper": 200
                    },
                    {
                        "position": [
                            604.532532,
                            -222.052444,
                            146.641144
                        ],
                        "rotation": [
                            125.619049,
                            29.582441,
                            52.699684
                        ],
                        "gripper": 200
                    },
                    {
                        "position": [
                            602.514404,
                            -241.743057,
                            98.584503
                        ],
                        "rotation": [
                            138.135999,
                            29.119892,
                            65.467017
                        ],
                        "gripper": 200
                    }
                ]
            },
            {
                "Mount": "left",
                "RigidBody": 2,
                "SerialCOM": "COM5",
                "LED_serial": "COM3",
                "AudioIndex": 39,
                "Weight": 1,
                "Target": [
                    {
                        "position": [
                            576.436951,
                            254.678619,
                            242.92009
                        ],
                        "rotation": [
                            -106.197212,
                            21.759333,
                            -42.242517
                        ],
                        "gripper": 200
                    },
                    {
                        "position": [
                            597.103821,
                            258.115112,
                            176.364899
                        ],
                        "rotation": [
                            -116.884593,
                            21.342449,
                            -52.668744
                        ],
                        "gripper": 200
                    },
                    {
                        "position": [
                            602.385986,
                            267.17041,
                            91.266922
                        ],
                        "rotation": [
                            -113.176525,
                            16.806628,
                            -53.499762
                        ],
                        "gripper": 200
                    },
                    {
                        "position": [
                            621.191162,
                            252.946793,
                            18.367628
                        ],
                        "rotation": [
                            -123.099409,
                            28.140249,
                            -53.158222
                        ],
                        "gripper": 200
                    }
                ]
            }
        ]
    }
}
