{
    "xArmConfigs": {
        "xArm1": {
            "IP": "192.168.1.199",
            "Mount": "right",
            "InitPos": [
                300,
                -100,
                120
            ],
            "InitRot": [
                180,
                0,
                90
            ],
            "MaxPos": [
                600,
                100,
                500
            ],
            "MinPos": [
                200,
                -230,
                120
            ],
            "MaxRot": [
                220,
                20,
                20
            ],
            "MinRot": [
                180,
                -20,
                -20
            ]
        },
        "xArm2": {
            "IP": "192.168.1.228",
            "Mount": "left",
            "InitPos": [
                300,
                100,
                120
            ],
            "InitRot": [
                180,
                0,
                -90
            ],
            "MaxPos": [
                600,
                230,
                490
            ],
            "MinPos": [
                200,
                -100,
                120
            ],
            "MaxRot": [
                220,
                20,
                20
            ],
            "MinRot": [
                180,
                -20,
                -20
            ]
        }
    },
    "ParticipantsConfigs": {
        "participant1": [
            {
                "Mount": "right",
                "RigidBody": 1,
                "SerialCOM": "COM10",
                "Weight": 1,
                "Target": [
                    {
                        "position": [
                            587.042969,
                            -244.915329,
                            450.365234
                        ],
                        "rotation": [
                            127.455034,
                            22.80435,
                            59.208656
                        ],
                        "gripper": 300
                    }
                ]
            },
            {
                "Mount": "left",
                "RigidBody": 2,
                "SerialCOM": "COM6",
                "Weight": 1,
                "Target": [
                    {
                        "position": [
                            610.425232,
                            248.348053,
                            148.213257
                        ],
                        "rotation": [
                            -127.021649,
                            30.718044,
                            -58.14284
                        ],
                        "gripper": 300
                    }
                ]
            }
        ]
    }
}
