{
    "xArmConfigs": {
        "xArm1": {
            "IP": "192.168.1.199",
            "Mount": "right",
            "InitPos": [
                350,
                -100,
                120
            ],
            "InitRot": [
                180,
                0,
                90
            ],
            "MaxPos": [
                650,
                100,
                500
            ],
            "MinPos": [
                200,
                -300,
                50
            ],
            "MaxRot": [
                220,
                20,
                20
            ],
            "MinRot": [
                180,
                -20,
                -20
            ]
        },
        "xArm2": {
            "IP": "192.168.1.228",
            "Mount": "left",
            "InitPos": [
                350,
                100,
                120
            ],
            "InitRot": [
                180,
                0,
                -90
            ],
            "MaxPos": [
                650,
                300,
                490
            ],
            "MinPos": [
                200,
                -100,
                50
            ],
            "MaxRot": [
                220,
                20,
                20
            ],
            "MinRot": [
                180,
                -20,
                -20
            ]
        }
    },
    "ParticipantsConfigs": {
        "participant1": [
            {
                "Mount": "right",
                "RigidBody": 1,
                "SerialCOM": "COM10",
                "Weight": 1,
                "Target": [
                    {
                        "position": [
                            556.268555,
                            -273.269562,
                            182.297485
                        ],
                        "rotation": [
                            123.732184,
                            23.585235,
                            58.87319
                        ],
                        "gripper": 300
                    },
                    {
                        "position": [
                            620.00946,
                            -256.288147,
                            115.963089
                        ],
                        "rotation": [
                            123.624239,
                            28.273347,
                            54.78313
                        ],
                        "gripper": 300
                    }
                ]
            },
            {
                "Mount": "left",
                "RigidBody": 2,
                "SerialCOM": "COM6",
                "Weight": 1,
                "Target": [
                    {
                        "position": [
                            548.491028,
                            267.64679,
                            158.044357
                        ],
                        "rotation": [
                            -125.563644,
                            24.461746,
                            -61.320579
                        ],
                        "gripper": 300
                    },
                    {
                        "position": [
                            630.118408,
                            264.87796,
                            95.863091
                        ],
                        "rotation": [
                            -125.600256,
                            27.153387,
                            -60.897621
                        ],
                        "gripper": 300
                    }
                ]
            }
        ]
    }
}
