{
    "xArmConfigs": {
        "xArm1": {
            "IP": "192.168.1.199",
            "Mount": "right",
            "InitPos": [
                350,
                -100,
                120
            ],
            "InitRot": [
                180,
                0,
                90
            ],
            "MaxPos": [
                650,
                100,
                500
            ],
            "MinPos": [
                200,
                -300,
                -50
            ],
            "MaxRot": [
                220,
                20,
                20
            ],
            "MinRot": [
                180,
                -20,
                -20
            ]
        },
        "xArm2": {
            "IP": "192.168.1.228",
            "Mount": "left",
            "InitPos": [
                350,
                100,
                120
            ],
            "InitRot": [
                180,
                0,
                -90
            ],
            "MaxPos": [
                650,
                300,
                490
            ],
            "MinPos": [
                200,
                -100,
                -50
            ],
            "MaxRot": [
                220,
                20,
                20
            ],
            "MinRot": [
                180,
                -20,
                -20
            ]
        }
    },
    "ParticipantsConfigs": {
        "participant1": [
            {
                "Mount": "right",
                "RigidBody": 1,
                "SerialCOM": "COM5",
                "LED_serial": "COM6",
                "AudioIndex": 38,
                "Weight": 1,
                "Target": [
                    {
                        "position": [
                            573.100952,
                            -258.550385,
                            279.658417
                        ],
                        "rotation": [
                            117.869451,
                            25.830656,
                            49.163217
                        ],
                        "gripper": 200
                    },
                    {
                        "position": [
                            609.122559,
                            -254.207031,
                            195.294052
                        ],
                        "rotation": [
                            121.044038,
                            25.734915,
                            50.676169
                        ],
                        "gripper": 200
                    },
                    {
                        "position": [
                            626.627563,
                            -255.101898,
                            121.773712
                        ],
                        "rotation": [
                            128.459773,
                            33.232469,
                            56.293619
                        ],
                        "gripper": 200
                    },
                    {
                        "position": [
                            635.207336,
                            -255.607437,
                            45.108372
                        ],
                        "rotation": [
                            131.490605,
                            33.101319,
                            57.395073
                        ],
                        "gripper": 200
                    }
                ]
            },
            {
                "Mount": "left",
                "RigidBody": 2,
                "SerialCOM": "COM4",
                "LED_serial": "COM3",
                "AudioIndex": 36,
                "Weight": 1,
                "Target": [
                    {
                        "position": [
                            581.803406,
                            255.982452,
                            251.173599
                        ],
                        "rotation": [
                            -113.374826,
                            20.905053,
                            -47.589932
                        ],
                        "gripper": 200
                    },
                    {
                        "position": [
                            599.173279,
                            259.910278,
                            169.827927
                        ],
                        "rotation": [
                            -112.789206,
                            21.222586,
                            -50.153975
                        ],
                        "gripper": 200
                    },
                    {
                        "position": [
                            602.385986,
                            267.17041,
                            91.266922
                        ],
                        "rotation": [
                            -113.176525,
                            16.806628,
                            -53.499762
                        ],
                        "gripper": 200
                    },
                    {
                        "position": [
                            628.947449,
                            244.986542,
                            11.577462
                        ],
                        "rotation": [
                            -120.099574,
                            37.126004,
                            -46.977612
                        ],
                        "gripper": 200
                    }
                ]
            }
        ]
    }
}
